Date,Close,prediction,prediction_scaled,signal,order,order_cash,holdings,Cash,portfolio_value,signal_2,order_2,holdings_2,Cash_2,portfolio_value_2
2023-11-14 05:00:00,670.03125,0,0,0,0,10,0,100000.0,100000.0,1,1,10,93299.6875,100000.0
2023-11-15 05:00:00,672.6006469726562,0,0,0,0,10,0,100000.0,100000.0,1,0,10,93299.6875,100025.69396972656
2023-11-16 05:00:00,675.4478149414062,0,0,0,0,10,0,100000.0,100000.0,1,0,10,93299.6875,100054.16564941406
2023-11-17 05:00:00,680.626220703125,0,0,0,0,10,0,100000.0,100000.0,1,0,10,93299.6875,100105.94970703125
2023-11-20 05:00:00,688.78076171875,0,0,0,0,10,0,100000.0,100000.0,1,0,10,93299.6875,100187.4951171875
2023-11-21 05:00:00,678.9695434570312,0,0,0,0,10,0,100000.0,100000.0,1,0,10,93299.6875,100089.38293457031
2023-11-22 05:00:00,679.3464965820312,0,0,0,0,10,0,100000.0,100000.0,1,0,10,93299.6875,100093.15246582031
2023-11-24 05:00:00,685.6756591796875,0,0,0,0,10,0,100000.0,100000.0,1,0,10,93299.6875,100156.44409179688
2023-11-27 05:00:00,682.89794921875,0,0,0,0,10,0,100000.0,100000.0,1,0,10,93299.6875,100128.6669921875
2023-11-28 05:00:00,670.6066284179688,2,1,1,1,10,10,93293.93371582031,100000.0,1,0,10,93299.6875,100005.75378417969
2023-11-29 05:00:00,682.1340942382812,0,0,1,0,10,10,93293.93371582031,100115.27465820312,1,0,10,93299.6875,100121.02844238281
2023-11-30 05:00:00,678.3148193359375,2,1,1,0,10,10,93293.93371582031,100077.08190917969,1,0,10,93299.6875,100082.83569335938
2023-12-01 05:00:00,686.6876220703125,0,0,1,0,10,10,93293.93371582031,100160.80993652344,1,0,10,93299.6875,100166.56372070312
2023-12-04 05:00:00,684.8225708007812,0,0,1,0,10,10,93293.93371582031,100142.15942382812,1,0,10,93299.6875,100147.91320800781
2023-12-05 05:00:00,688.9990234375,0,0,1,0,10,10,93293.93371582031,100183.92395019531,1,0,10,93299.6875,100189.677734375
2023-12-06 05:00:00,686.568603515625,0,0,1,0,10,10,93293.93371582031,100159.61975097656,1,0,10,93299.6875,100165.37353515625
2023-12-07 05:00:00,694.0782470703125,0,0,1,0,10,10,93293.93371582031,100234.71618652344,1,0,10,93299.6875,100240.46997070312
2023-12-08 05:00:00,690.8838500976562,0,0,1,0,10,10,93293.93371582031,100202.77221679688,1,0,10,93299.6875,100208.52600097656
2023-12-11 05:00:00,704.5839233398438,0,0,1,0,10,10,93293.93371582031,100339.77294921875,1,0,10,93299.6875,100345.52673339844
2023-12-12 05:00:00,714.8216552734375,0,0,1,0,10,10,93293.93371582031,100442.15026855469,1,0,10,93299.6875,100447.90405273438
2023-12-13 05:00:00,729.4344482421875,0,0,1,0,10,10,93293.93371582031,100588.27819824219,1,0,10,93299.6875,100594.03198242188
2023-12-14 05:00:00,747.7078247070312,0,0,1,0,10,10,93293.93371582031,100771.01196289062,1,0,10,93299.6875,100776.76574707031
2023-12-15 05:00:00,746.9636840820312,0,0,1,0,10,10,93293.93371582031,100763.57055664062,1,0,10,93299.6875,100769.32434082031
2023-12-18 05:00:00,736.1504516601562,0,0,1,0,10,10,93293.93371582031,100655.43823242188,1,0,10,93299.6875,100661.19201660156
2023-12-19 05:00:00,738.7892456054688,0,0,1,0,10,10,93293.93371582031,100681.826171875,1,0,10,93299.6875,100687.57995605469
2023-12-20 05:00:00,723.7996215820312,0,0,1,0,10,10,93293.93371582031,100531.92993164062,1,0,10,93299.6875,100537.68371582031
2023-12-21 05:00:00,749.25537109375,0,0,1,0,10,10,93293.93371582031,100786.48742675781,1,0,10,93299.6875,100792.2412109375
2023-12-22 05:00:00,746.537109375,0,0,1,0,10,10,93293.93371582031,100759.30480957031,1,0,10,93299.6875,100765.05859375
2023-12-26 05:00:00,756.6062622070312,0,0,1,0,10,10,93293.93371582031,100859.99633789062,1,0,10,93299.6875,100865.75012207031
2023-12-27 05:00:00,757.945556640625,0,0,1,0,10,10,93293.93371582031,100873.38928222656,1,0,10,93299.6875,100879.14306640625
2023-12-28 05:00:00,751.8147583007812,0,0,1,0,10,10,93293.93371582031,100812.08129882812,1,0,10,93299.6875,100817.83508300781
2023-12-29 05:00:00,750.8921508789062,0,0,1,0,10,10,93293.93371582031,100802.85522460938,1,0,10,93299.6875,100808.60900878906
2024-01-02 05:00:00,711.210693359375,2,1,1,0,10,10,93293.93371582031,100406.04064941406,1,0,10,93299.6875,100411.79443359375
2024-01-03 05:00:00,697.7685546875,2,1,1,0,10,10,93293.93371582031,100271.61926269531,1,0,10,93299.6875,100277.373046875
2024-01-04 05:00:00,694.713134765625,2,1,1,0,10,10,93293.93371582031,100241.06506347656,1,0,10,93299.6875,100246.81884765625
2024-01-05 05:00:00,697.7388916015625,2,1,1,0,10,10,93293.93371582031,100271.32263183594,1,0,10,93299.6875,100277.07641601562
2024-01-08 05:00:00,715.0995483398438,1,-1,0,-1,10,0,100444.92919921875,100444.92919921875,1,0,10,93299.6875,100450.68298339844
2024-01-09 05:00:00,710.2484130859375,1,-1,0,0,10,0,100444.92919921875,100444.92919921875,1,0,10,93299.6875,100402.17163085938
2024-01-10 05:00:00,712.0737915039062,2,1,1,1,10,10,93324.19128417969,100444.92919921875,1,0,10,93299.6875,100420.42541503906
2024-01-11 05:00:00,712.807861328125,2,1,1,0,10,10,93324.19128417969,100452.26989746094,1,0,10,93299.6875,100427.76611328125
2024-01-12 05:00:00,707.5401000976562,1,-1,0,-1,10,0,100399.59228515625,100399.59228515625,1,0,10,93299.6875,100375.08850097656
2024-01-16 05:00:00,700.8736572265625,1,-1,0,0,10,0,100399.59228515625,100399.59228515625,1,0,10,93299.6875,100308.42407226562
2024-01-17 05:00:00,706.5977172851562,1,-1,0,0,10,0,100399.59228515625,100399.59228515625,1,0,10,93299.6875,100365.66467285156
2024-01-18 05:00:00,738.6008911132812,2,1,1,1,10,10,93013.58337402344,100399.59228515625,1,0,10,93299.6875,100685.69641113281
2024-01-19 05:00:00,751.794921875,0,0,1,0,10,10,93013.58337402344,100531.53259277344,1,0,10,93299.6875,100817.63671875
2024-01-22 05:00:00,760.5744018554688,0,0,1,0,10,10,93013.58337402344,100619.32739257812,1,0,10,93299.6875,100905.43151855469
2024-01-23 05:00:00,772.191162109375,0,0,1,0,10,10,93013.58337402344,100735.49499511719,1,0,10,93299.6875,101021.59912109375
2024-01-24 05:00:00,840.5623168945312,0,0,1,0,10,10,93013.58337402344,101419.20654296875,1,0,10,93299.6875,101705.31066894531
2024-01-25 05:00:00,862.158935546875,0,0,1,0,10,10,93013.58337402344,101635.17272949219,1,0,10,93299.6875,101921.27685546875
2024-01-26 05:00:00,860.8395385742188,0,0,1,0,10,10,93013.58337402344,101621.97875976562,1,0,10,93299.6875,101908.08288574219
2024-01-29 05:00:00,875.5911254882812,0,0,1,0,10,10,93013.58337402344,101769.49462890625,1,0,10,93299.6875,102055.59875488281
2024-01-30 05:00:00,861.1173095703125,0,0,1,0,10,10,93013.58337402344,101624.75646972656,1,0,10,93299.6875,101910.86059570312
2024-01-31 05:00:00,862.89306640625,0,0,1,0,10,10,93013.58337402344,101642.51403808594,1,0,10,93299.6875,101928.6181640625
2024-02-01 05:00:00,883.4480590820312,0,0,1,0,10,10,93013.58337402344,101848.06396484375,1,0,10,93299.6875,102134.16809082031
2024-02-02 05:00:00,883.567138671875,0,0,1,0,10,10,93013.58337402344,101849.25476074219,1,0,10,93299.6875,102135.35888671875
2024-02-05 05:00:00,892.9443359375,0,0,1,0,10,10,93013.58337402344,101943.02673339844,1,0,10,93299.6875,102229.130859375
2024-02-06 05:00:00,899.2548217773438,0,0,1,0,10,10,93013.58337402344,102006.13159179688,1,0,10,93299.6875,102292.23571777344
2024-02-07 05:00:00,916.4867553710938,0,0,1,0,10,10,93013.58337402344,102178.45092773438,1,0,10,93299.6875,102464.55505371094
2024-02-08 05:00:00,917.1923828125,0,0,1,0,10,10,93013.58337402344,102185.50720214844,1,0,10,93299.6875,102471.611328125
2024-02-09 05:00:00,943.6863403320312,0,0,1,0,10,10,93013.58337402344,102450.44677734375,1,0,10,93299.6875,102736.55090332031
2024-02-12 05:00:00,923.42333984375,0,0,1,0,10,10,93013.58337402344,102247.81677246094,1,0,10,93299.6875,102533.9208984375
2024-02-13 05:00:00,897.694580078125,0,0,1,0,10,10,93013.58337402344,101990.52917480469,1,0,10,93299.6875,102276.63330078125
2024-02-14 05:00:00,918.6830444335938,0,0,1,0,10,10,93013.58337402344,102200.41381835938,1,0,10,93299.6875,102486.51794433594
2024-02-15 05:00:00,924.0493774414062,0,0,1,0,10,10,93013.58337402344,102254.0771484375,1,0,10,93299.6875,102540.18127441406
2024-02-16 05:00:00,923.1550903320312,0,0,1,0,10,10,93013.58337402344,102245.13427734375,1,0,10,93299.6875,102531.23840332031
2024-02-20 05:00:00,903.9057006835938,0,0,1,0,10,10,93013.58337402344,102052.64038085938,1,0,10,93299.6875,102338.74450683594
2024-02-21 05:00:00,902.5541381835938,0,0,1,0,10,10,93013.58337402344,102039.12475585938,1,0,10,93299.6875,102325.22888183594
2024-02-22 05:00:00,945.9223022460938,0,0,1,0,10,10,93013.58337402344,102472.80639648438,1,0,10,93299.6875,102758.91052246094
2024-02-23 05:00:00,927.4381713867188,0,0,1,0,10,10,93013.58337402344,102287.96508789062,1,0,10,93299.6875,102574.06921386719
2024-02-26 05:00:00,941.6889038085938,0,0,1,0,10,10,93013.58337402344,102430.47241210938,1,0,10,93299.6875,102716.57653808594
2024-02-27 05:00:00,935.5076293945312,0,0,1,0,10,10,93013.58337402344,102368.65966796875,1,0,10,93299.6875,102654.76379394531
2024-02-28 05:00:00,933.6492309570312,0,0,1,0,10,10,93013.58337402344,102350.07568359375,1,0,10,93299.6875,102636.17980957031
2024-02-29 05:00:00,945.75341796875,0,0,1,0,10,10,93013.58337402344,102471.11755371094,1,0,10,93299.6875,102757.2216796875
2024-03-01 05:00:00,984.7688598632812,0,0,1,0,10,10,93013.58337402344,102861.27197265625,1,0,10,93299.6875,103147.37609863281
2024-03-04 05:00:00,991.82470703125,0,0,1,0,10,10,93013.58337402344,102931.83044433594,1,0,10,93299.6875,103217.9345703125
2024-03-05 05:00:00,962.8065795898438,0,0,1,0,10,10,93013.58337402344,102641.64916992188,1,0,10,93299.6875,102927.75329589844
2024-03-06 05:00:00,997.677978515625,0,0,1,0,10,10,93013.58337402344,102990.36315917969,1,0,10,93299.6875,103276.46728515625
2024-03-07 05:00:00,1040.8673095703125,0,0,1,0,10,10,93013.58337402344,103422.25646972656,1,0,10,93299.6875,103708.36059570312
2024-03-08 05:00:00,988.1378784179688,0,0,1,0,10,10,93013.58337402344,102894.96215820312,1,0,10,93299.6875,103181.06628417969
2024-03-11 04:00:00,956.6749877929688,2,1,1,0,10,10,93013.58337402344,102580.33325195312,1,0,10,93299.6875,102866.43737792969
2024-03-12 04:00:00,978.1602783203125,2,1,1,0,10,10,93013.58337402344,102795.18615722656,1,0,10,93299.6875,103081.29028320312
2024-03-13 04:00:00,962.7469482421875,2,1,1,0,10,10,93013.58337402344,102641.05285644531,1,0,10,93299.6875,102927.15698242188
2024-03-14 04:00:00,953.802978515625,2,1,1,0,10,10,93013.58337402344,102551.61315917969,1,0,10,93299.6875,102837.71728515625
2024-03-15 04:00:00,934.3548583984375,1,-1,0,-1,10,0,102357.13195800781,102357.13195800781,1,0,10,93299.6875,102643.23608398438
2024-03-18 04:00:00,935.4778442382812,1,-1,0,0,10,0,102357.13195800781,102357.13195800781,1,0,10,93299.6875,102654.46594238281
2024-03-19 04:00:00,945.98193359375,1,-1,0,0,10,0,102357.13195800781,102357.13195800781,1,0,10,93299.6875,102759.5068359375
2024-03-20 04:00:00,964.87353515625,2,1,1,1,10,10,92708.39660644531,102357.13195800781,1,0,10,93299.6875,102948.4228515625
2024-03-21 04:00:00,984.6198120117188,2,1,1,0,10,10,92708.39660644531,102554.5947265625,1,0,10,93299.6875,103145.88562011719
2024-03-22 04:00:00,973.8572998046875,2,1,1,0,10,10,92708.39660644531,102446.96960449219,1,0,10,93299.6875,103038.26049804688
2024-03-25 04:00:00,972.8336791992188,2,1,1,0,10,10,92708.39660644531,102436.7333984375,1,0,10,93299.6875,103028.02429199219
2024-03-26 04:00:00,965.2511596679688,2,1,1,0,10,10,92708.39660644531,102360.908203125,1,0,10,93299.6875,102952.19909667969
2024-03-27 04:00:00,967.9443969726562,1,-1,0,-1,10,0,102387.84057617188,102387.84057617188,1,0,10,93299.6875,102979.13146972656
2024-03-28 04:00:00,964.4263305664062,2,1,1,1,10,10,92743.57727050781,102387.84057617188,1,0,10,93299.6875,102943.95080566406
2024-04-01 04:00:00,986.7664184570312,2,1,1,0,10,10,92743.57727050781,102611.24145507812,1,0,10,93299.6875,103167.35168457031
2024-04-02 04:00:00,960.6898803710938,1,-1,0,-1,10,0,102350.47607421875,102350.47607421875,1,0,10,93299.6875,102906.58630371094
2024-04-03 04:00:00,974.1654052734375,2,1,1,1,10,10,92608.82202148438,102350.47607421875,1,0,10,93299.6875,103041.34155273438
2024-04-04 04:00:00,947.4725952148438,2,1,1,0,10,10,92608.82202148438,102083.54797363281,1,0,10,93299.6875,102774.41345214844
2024-04-05 04:00:00,973.4498291015625,2,1,1,0,10,10,92608.82202148438,102343.3203125,1,0,10,93299.6875,103034.18579101562
2024-04-08 04:00:00,976.5902099609375,2,1,1,0,10,10,92608.82202148438,102374.72412109375,1,0,10,93299.6875,103065.58959960938
2024-04-09 04:00:00,983.6658325195312,2,1,1,0,10,10,92608.82202148438,102445.48034667969,1,0,10,93299.6875,103136.34582519531
2024-04-10 04:00:00,968.5405883789062,2,1,1,0,10,10,92608.82202148438,102294.22790527344,1,0,10,93299.6875,102985.09338378906
2024-04-11 04:00:00,986.0011596679688,2,1,1,0,10,10,92608.82202148438,102468.83361816406,1,0,10,93299.6875,103159.69909667969
2024-04-12 04:00:00,955.8501586914062,2,1,1,0,10,10,92608.82202148438,102167.32360839844,1,0,10,93299.6875,102858.18908691406
2024-04-15 04:00:00,948.8738403320312,2,1,1,0,10,10,92608.82202148438,102097.56042480469,1,0,10,93299.6875,102788.42590332031
2024-04-16 04:00:00,970.836181640625,1,-1,0,-1,10,0,102317.18383789062,102317.18383789062,1,0,10,93299.6875,103008.04931640625
2024-04-17 04:00:00,901.9578247070312,2,1,1,1,10,10,93297.60559082031,102317.18383789062,1,0,10,93299.6875,102319.26574707031
2024-04-18 04:00:00,883.4935913085938,2,1,1,0,10,10,93297.60559082031,102132.54150390625,1,0,10,93299.6875,102134.62341308594
2024-04-19 04:00:00,854.187255859375,2,1,1,0,10,10,93297.60559082031,101839.47814941406,1,0,10,93299.6875,101841.56005859375
2024-04-22 04:00:00,866.6192626953125,2,1,1,0,10,10,93297.60559082031,101963.79821777344,1,0,10,93299.6875,101965.88012695312
2024-04-23 04:00:00,895.9554443359375,1,-1,0,-1,10,0,102257.16003417969,102257.16003417969,1,0,10,93299.6875,102259.24194335938
2024-04-24 04:00:00,886.7631225585938,1,-1,0,0,10,0,102257.16003417969,102257.16003417969,1,0,10,93299.6875,102167.31872558594
2024-04-25 04:00:00,896.8896484375,1,-1,0,0,10,0,102257.16003417969,102257.16003417969,1,0,10,93299.6875,102268.583984375
2024-04-26 04:00:00,915.1463012695312,1,-1,0,0,10,0,102257.16003417969,102257.16003417969,1,0,10,93299.6875,102451.15051269531
2024-04-29 04:00:00,905.984619140625,1,-1,0,0,10,0,102257.16003417969,102257.16003417969,1,0,10,93299.6875,102359.53369140625
2024-04-30 04:00:00,868.8397827148438,1,-1,0,0,10,0,102257.16003417969,102257.16003417969,1,0,10,93299.6875,101988.08532714844
2024-05-01 04:00:00,849.29150390625,2,1,1,1,10,10,93764.24499511719,102257.16003417969,1,0,10,93299.6875,101792.6025390625
2024-05-02 04:00:00,866.658935546875,1,-1,0,-1,10,0,102430.83435058594,102430.83435058594,1,0,10,93299.6875,101966.27685546875
2024-05-03 04:00:00,897.8784790039062,1,-1,0,0,10,0,102430.83435058594,102430.83435058594,1,0,10,93299.6875,102278.47229003906
2024-05-06 04:00:00,913.1048583984375,1,-1,0,0,10,0,102430.83435058594,102430.83435058594,1,0,10,93299.6875,102430.73608398438
2024-05-07 04:00:00,904.4410400390625,1,-1,0,0,10,0,102430.83435058594,102430.83435058594,1,0,10,93299.6875,102344.09790039062
2024-05-08 04:00:00,907.677490234375,1,-1,0,0,10,0,102430.83435058594,102430.83435058594,1,0,10,93299.6875,102376.46240234375
2024-05-09 04:00:00,909.7388916015625,1,-1,0,0,10,0,102430.83435058594,102430.83435058594,1,0,10,93299.6875,102397.07641601562
2024-05-10 04:00:00,926.419189453125,1,-1,0,0,10,0,102430.83435058594,102430.83435058594,1,0,10,93299.6875,102563.87939453125
2024-05-13 04:00:00,913.4235229492188,2,1,1,1,10,10,93296.59912109375,102430.83435058594,1,0,10,93299.6875,102433.92272949219
2024-05-14 04:00:00,911.2227172851562,2,1,1,0,10,10,93296.59912109375,102408.82629394531,1,0,10,93299.6875,102411.91467285156
2024-05-15 04:00:00,933.51953125,1,-1,0,-1,10,0,102631.79443359375,102631.79443359375,1,0,10,93299.6875,102634.8828125
2024-05-16 04:00:00,915.7139282226562,1,-1,0,0,10,0,102631.79443359375,102631.79443359375,1,0,10,93299.6875,102456.82678222656
2024-05-17 04:00:00,921.121337890625,1,-1,0,0,10,0,102631.79443359375,102631.79443359375,1,0,10,93299.6875,102510.90087890625
2024-05-20 04:00:00,935.5311279296875,2,1,1,1,10,10,93276.48315429688,102631.79443359375,1,0,10,93299.6875,102654.99877929688
2024-05-21 04:00:00,921.420166015625,2,1,1,0,10,10,93276.48315429688,102490.68481445312,1,0,10,93299.6875,102513.88916015625
2024-05-22 04:00:00,918.4923095703125,2,1,1,0,10,10,93276.48315429688,102461.40625,1,0,10,93299.6875,102484.61059570312
2024-05-23 04:00:00,930.3627319335938,2,1,1,0,10,10,93276.48315429688,102580.11047363281,1,0,10,93299.6875,102603.31481933594
2024-05-24 04:00:00,952.2413330078125,2,1,1,0,10,10,93276.48315429688,102798.896484375,1,0,10,93299.6875,102822.10083007812
2024-05-28 04:00:00,987.7230834960938,0,0,1,0,10,10,93276.48315429688,103153.71398925781,1,0,10,93299.6875,103176.91833496094
2024-05-29 04:00:00,953.8944702148438,2,1,1,0,10,10,93276.48315429688,102815.42785644531,1,0,10,93299.6875,102838.63220214844
2024-05-30 04:00:00,962.1001586914062,2,1,1,0,10,10,93276.48315429688,102897.48474121094,1,0,10,93299.6875,102920.68908691406
2024-05-31 04:00:00,956.3541259765625,2,1,1,0,10,10,93276.48315429688,102840.0244140625,1,0,10,93299.6875,102863.22875976562
2024-06-03 04:00:00,961.4627685546875,2,1,1,0,10,10,93276.48315429688,102891.11083984375,1,0,10,93299.6875,102914.31518554688
2024-06-04 04:00:00,946.8538208007812,1,-1,0,-1,10,0,102745.02136230469,102745.02136230469,1,0,10,93299.6875,102768.22570800781
2024-06-05 04:00:00,1037.0072021484375,0,0,0,0,10,0,102745.02136230469,102745.02136230469,1,0,10,93299.6875,103669.75952148438
2024-06-06 04:00:00,1048.230224609375,0,0,0,0,10,0,102745.02136230469,102745.02136230469,1,0,10,93299.6875,103781.98974609375
2024-06-07 04:00:00,1024.1409912109375,0,0,0,0,10,0,102745.02136230469,102745.02136230469,1,0,10,93299.6875,103541.09741210938
2024-06-10 04:00:00,1037.3756103515625,0,0,0,0,10,0,102745.02136230469,102745.02136230469,1,0,10,93299.6875,103673.44360351562
2024-06-11 04:00:00,1031.6993408203125,0,0,0,0,10,0,102745.02136230469,102745.02136230469,1,0,10,93299.6875,103616.68090820312
2024-06-12 04:00:00,1064.41259765625,0,0,0,0,10,0,102745.02136230469,102745.02136230469,1,0,10,93299.6875,103943.8134765625
2024-06-13 04:00:00,1048.329833984375,0,0,0,0,10,0,102745.02136230469,102745.02136230469,1,0,10,93299.6875,103782.98583984375
2024-06-14 04:00:00,1023.6231689453125,2,1,1,1,10,10,92508.78967285156,102745.02136230469,1,0,10,93299.6875,103535.91918945312
2024-06-17 04:00:00,1048.0908203125,0,0,1,0,10,10,92508.78967285156,102989.69787597656,1,0,10,93299.6875,103780.595703125
2024-06-18 04:00:00,1056.9637451171875,0,0,1,0,10,10,92508.78967285156,103078.42712402344,1,0,10,93299.6875,103869.32495117188
2024-06-20 04:00:00,1046.3680419921875,2,1,1,0,10,10,92508.78967285156,102972.47009277344,1,0,10,93299.6875,103763.36791992188
2024-06-21 04:00:00,1032.2867431640625,2,1,1,0,10,10,92508.78967285156,102831.65710449219,1,0,10,93299.6875,103622.55493164062
2024-06-24 04:00:00,997.8408203125,2,1,1,0,10,10,92508.78967285156,102487.19787597656,1,0,10,93299.6875,103278.095703125
2024-06-25 04:00:00,1019.0820922851562,2,1,1,0,10,10,92508.78967285156,102699.61059570312,1,0,10,93299.6875,103490.50842285156
2024-06-26 04:00:00,1012.3701171875,1,-1,0,-1,10,0,102632.49084472656,102632.49084472656,1,0,10,93299.6875,103423.388671875
2024-06-27 04:00:00,1023.7326049804688,1,-1,0,0,10,0,102632.49084472656,102632.49084472656,1,0,10,93299.6875,103537.01354980469
2024-06-28 04:00:00,1018.4745483398438,1,-1,0,0,10,0,102632.49084472656,102632.49084472656,1,0,10,93299.6875,103484.43298339844
2024-07-01 04:00:00,1029.189697265625,1,-1,0,0,10,0,102632.49084472656,102632.49084472656,1,0,10,93299.6875,103591.58447265625
2024-07-02 04:00:00,1043.5299072265625,1,-1,0,0,10,0,102632.49084472656,102632.49084472656,1,0,10,93299.6875,103734.98657226562
2024-07-03 04:00:00,1066.9520263671875,0,0,0,0,10,0,102632.49084472656,102632.49084472656,1,0,10,93299.6875,103969.20776367188
2024-07-05 04:00:00,1070.00927734375,0,0,0,0,10,0,102632.49084472656,102632.49084472656,1,0,10,93299.6875,103999.7802734375
2024-07-08 04:00:00,1072.9072265625,0,0,0,0,10,0,102632.49084472656,102632.49084472656,1,0,10,93299.6875,104028.759765625
2024-07-09 04:00:00,1055.5595703125,2,1,1,1,10,10,92076.89514160156,102632.49084472656,1,0,10,93299.6875,103855.283203125
2024-07-10 04:00:00,1094.37744140625,0,0,1,0,10,10,92076.89514160156,103020.66955566406,1,0,10,93299.6875,104243.4619140625
2024-07-11 04:00:00,1058.0791015625,2,1,1,0,10,10,92076.89514160156,102657.68615722656,1,0,10,93299.6875,103880.478515625
2024-07-12 04:00:00,1080.744384765625,2,1,1,0,10,10,92076.89514160156,102884.33898925781,1,0,10,93299.6875,104107.13134765625
2024-07-15 04:00:00,1059.2044677734375,2,1,1,0,10,10,92076.89514160156,102668.93981933594,1,0,10,93299.6875,103891.73217773438
2024-07-16 04:00:00,1063.745361328125,2,1,1,0,10,10,92076.89514160156,102714.34875488281,1,0,10,93299.6875,103937.14111328125
2024-07-17 04:00:00,928.1818237304688,2,1,1,0,10,10,92076.89514160156,101358.71337890625,1,0,10,93299.6875,102581.50573730469
2024-07-18 04:00:00,920.3047485351562,2,1,1,0,10,10,92076.89514160156,101279.94262695312,1,0,10,93299.6875,102502.73498535156
2024-07-19 04:00:00,891.6444702148438,2,1,1,0,10,10,92076.89514160156,100993.33984375,1,0,10,93299.6875,102216.13220214844
2024-07-22 04:00:00,937.3435668945312,2,1,1,0,10,10,92076.89514160156,101450.33081054688,1,0,10,93299.6875,102673.12316894531
2024-07-23 04:00:00,928.9287719726562,2,1,1,0,10,10,92076.89514160156,101366.18286132812,1,0,10,93299.6875,102588.97521972656
2024-07-24 04:00:00,869.1185913085938,0,0,1,0,10,10,92076.89514160156,100768.0810546875,1,0,10,93299.6875,101990.87341308594
2024-07-25 04:00:00,859.0407104492188,2,1,1,0,10,10,92076.89514160156,100667.30224609375,1,0,10,93299.6875,101890.09460449219
2024-07-26 04:00:00,884.6935424804688,2,1,1,0,10,10,92076.89514160156,100923.83056640625,1,0,10,93299.6875,102146.62292480469
2024-07-29 04:00:00,868.5340576171875,2,1,1,0,10,10,92076.89514160156,100762.23571777344,1,0,10,93299.6875,101985.02807617188
2024-07-30 04:00:00,858.2479248046875,2,1,1,0,10,10,92076.89514160156,100659.37438964844,1,0,10,93299.6875,101882.16674804688
2024-07-31 04:00:00,934.5308837890625,1,-1,0,-1,10,0,101422.20397949219,101422.20397949219,1,0,10,93299.6875,102644.99633789062
2024-08-01 04:00:00,881.6636352539062,2,1,1,1,10,10,92605.56762695312,101422.20397949219,1,0,10,93299.6875,102116.32385253906
2024-08-02 04:00:00,807.4757690429688,2,1,1,0,10,10,92605.56762695312,100680.32531738281,1,0,10,93299.6875,101374.44519042969
2024-08-05 04:00:00,818.4503173828125,2,1,1,0,10,10,92605.56762695312,100790.07080078125,1,0,10,93299.6875,101484.19067382812
2024-08-06 04:00:00,841.057861328125,1,-1,0,-1,10,0,101016.14624023438,101016.14624023438,1,0,10,93299.6875,101710.26611328125
2024-08-07 04:00:00,834.4132690429688,2,1,1,1,10,10,92672.01354980469,101016.14624023438,1,0,10,93299.6875,101643.82019042969
2024-08-08 04:00:00,874.6199951171875,2,1,1,0,10,10,92672.01354980469,101418.21350097656,1,0,10,93299.6875,102045.88745117188
2024-08-09 04:00:00,858.5571899414062,2,1,1,0,10,10,92672.01354980469,101257.58544921875,1,0,10,93299.6875,101885.25939941406
2024-08-12 04:00:00,850.885009765625,2,1,1,0,10,10,92672.01354980469,101180.86364746094,1,0,10,93299.6875,101808.53759765625
2024-08-13 04:00:00,867.4765014648438,2,1,1,0,10,10,92672.01354980469,101346.77856445312,1,0,10,93299.6875,101974.45251464844
2024-08-14 04:00:00,877.5431518554688,2,1,1,0,10,10,92672.01354980469,101447.44506835938,1,0,10,93299.6875,102075.11901855469
2024-08-15 04:00:00,926.1004638671875,1,-1,0,-1,10,0,101933.01818847656,101933.01818847656,1,0,10,93299.6875,102560.69213867188
2024-08-16 04:00:00,916.5326538085938,1,-1,0,0,10,0,101933.01818847656,101933.01818847656,1,0,10,93299.6875,102465.01403808594
2024-08-19 04:00:00,930.9891357421875,1,-1,0,0,10,0,101933.01818847656,101933.01818847656,1,0,10,93299.6875,102609.57885742188
2024-08-20 04:00:00,924.0352172851562,1,-1,0,0,10,0,101933.01818847656,101933.01818847656,1,0,10,93299.6875,102540.03967285156
2024-08-21 04:00:00,941.4248657226562,1,-1,0,0,10,0,101933.01818847656,101933.01818847656,1,0,10,93299.6875,102713.93615722656
2024-08-22 04:00:00,905.6080322265625,2,1,1,1,10,10,92876.93786621094,101933.01818847656,1,0,10,93299.6875,102355.76782226562
2024-08-23 04:00:00,905.1590576171875,2,1,1,0,10,10,92876.93786621094,101928.52844238281,1,0,10,93299.6875,102351.27807617188
2024-08-26 04:00:00,881.2645263671875,2,1,1,0,10,10,92876.93786621094,101689.58312988281,1,0,10,93299.6875,102112.33276367188
2024-08-27 04:00:00,887.8193359375,2,1,1,0,10,10,92876.93786621094,101755.13122558594,1,0,10,93299.6875,102177.880859375
2024-08-28 04:00:00,886.0733642578125,2,1,1,0,10,10,92876.93786621094,101737.67150878906,1,0,10,93299.6875,102160.42114257812
2024-08-29 04:00:00,885.6543579101562,2,1,1,0,10,10,92876.93786621094,101733.4814453125,1,0,10,93299.6875,102156.23107910156
2024-08-30 04:00:00,901.7769165039062,1,-1,0,-1,10,0,101894.70703125,101894.70703125,1,0,10,93299.6875,102317.45666503906
2024-09-03 04:00:00,843.432373046875,2,1,1,1,10,10,93460.38330078125,101894.70703125,1,0,10,93299.6875,101734.01123046875
2024-09-04 04:00:00,809.600830078125,2,1,1,0,10,10,93460.38330078125,101556.3916015625,1,0,10,93299.6875,101395.69580078125
2024-09-05 04:00:00,793.7576293945312,2,1,1,0,10,10,93460.38330078125,101397.95959472656,1,0,10,93299.6875,101237.26379394531
2024-09-06 04:00:00,751.0467529296875,2,1,1,0,10,10,93460.38330078125,100970.85083007812,1,0,10,93299.6875,100810.15502929688
2024-09-09 04:00:00,748.0836791992188,2,1,1,0,10,10,93460.38330078125,100941.22009277344,1,0,10,93299.6875,100780.52429199219
2024-09-10 04:00:00,749.6400146484375,2,1,1,0,10,10,93460.38330078125,100956.78344726562,1,0,10,93299.6875,100796.08764648438
2024-09-11 04:00:00,798.287109375,1,-1,0,-1,10,0,101443.25439453125,101443.25439453125,1,0,10,93299.6875,101282.55859375
2024-09-12 04:00:00,798.3170166015625,2,1,1,1,10,10,93460.08422851562,101443.25439453125,1,0,10,93299.6875,101282.85766601562
2024-09-13 04:00:00,814.4695434570312,2,1,1,0,10,10,93460.08422851562,101604.77966308594,1,0,10,93299.6875,101444.38293457031
2024-09-16 04:00:00,801.1803588867188,2,1,1,0,10,10,93460.08422851562,101471.88781738281,1,0,10,93299.6875,101311.49108886719
2024-09-17 04:00:00,803.8242797851562,1,-1,0,-1,10,0,101498.32702636719,101498.32702636719,1,0,10,93299.6875,101337.93029785156
2024-09-18 04:00:00,786.015625,1,-1,0,0,10,0,101498.32702636719,101498.32702636719,1,0,10,93299.6875,101159.84375
2024-09-19 04:00:00,826.2421875,1,-1,0,0,10,0,101498.32702636719,101498.32702636719,1,0,10,93299.6875,101562.109375
2024-09-20 04:00:00,793.4384155273438,1,-1,0,0,10,0,101498.32702636719,101498.32702636719,1,0,10,93299.6875,101234.07165527344
2024-09-23 04:00:00,801.6393432617188,2,1,1,1,10,10,93481.93359375,101498.32702636719,1,0,10,93299.6875,101316.08093261719
2024-09-24 04:00:00,812.114990234375,2,1,1,0,10,10,93481.93359375,101603.08349609375,1,0,10,93299.6875,101420.83740234375
2024-09-25 04:00:00,816.2853393554688,2,1,1,0,10,10,93481.93359375,101644.78698730469,1,0,10,93299.6875,101462.54089355469
2024-09-26 04:00:00,850.4660034179688,1,-1,0,-1,10,0,101986.59362792969,101986.59362792969,1,0,10,93299.6875,101804.34753417969
2024-09-27 04:00:00,839.5912475585938,1,-1,0,0,10,0,101986.59362792969,101986.59362792969,1,0,10,93299.6875,101695.59997558594
2024-09-30 04:00:00,831.3204345703125,2,1,1,1,10,10,93673.38928222656,101986.59362792969,1,0,10,93299.6875,101612.89184570312
2024-10-01 04:00:00,820.4456787109375,2,1,1,0,10,10,93673.38928222656,101877.84606933594,1,0,10,93299.6875,101504.14428710938
2024-10-02 04:00:00,830.2628784179688,2,1,1,0,10,10,93673.38928222656,101976.01806640625,1,0,10,93299.6875,101602.31628417969
2024-10-03 04:00:00,830.4823608398438,2,1,1,0,10,10,93673.38928222656,101978.212890625,1,0,10,93299.6875,101604.51110839844
2024-10-04 04:00:00,831.071044921875,1,-1,0,-1,10,0,101984.09973144531,101984.09973144531,1,0,10,93299.6875,101610.39794921875
2024-10-07 04:00:00,815.3574829101562,1,-1,0,0,10,0,101984.09973144531,101984.09973144531,1,0,10,93299.6875,101453.26232910156
2024-10-08 04:00:00,822.3512573242188,2,1,1,1,10,10,93760.58715820312,101984.09973144531,1,0,10,93299.6875,101523.20007324219
2024-10-09 04:00:00,843.941162109375,2,1,1,0,10,10,93760.58715820312,102199.99877929688,1,0,10,93299.6875,101739.09912109375
2024-10-10 04:00:00,832.0387573242188,2,1,1,0,10,10,93760.58715820312,102080.97473144531,1,0,10,93299.6875,101620.07507324219
2024-10-11 04:00:00,838.7432250976562,2,1,1,0,10,10,93760.58715820312,102148.01940917969,1,0,10,93299.6875,101687.11975097656
2024-10-14 04:00:00,870.2501220703125,0,0,1,0,10,10,93760.58715820312,102463.08837890625,1,0,10,93299.6875,102002.18872070312
2024-10-15 04:00:00,728.738525390625,2,1,1,0,10,10,93760.58715820312,101047.97241210938,1,0,10,93299.6875,100587.07275390625
2024-10-16 04:00:00,681.9371948242188,2,1,1,0,10,10,93760.58715820312,100579.95910644531,1,0,10,93299.6875,100119.05944824219
2024-10-17 04:00:00,698.9776000976562,2,1,1,0,10,10,93760.58715820312,100750.36315917969,1,0,10,93299.6875,100289.46350097656
2024-10-18 04:00:00,721.5851440429688,2,1,1,0,10,10,93760.58715820312,100976.43859863281,1,0,10,93299.6875,100515.53894042969
2024-10-21 04:00:00,712.4463500976562,2,1,1,0,10,10,93760.58715820312,100885.05065917969,1,0,10,93299.6875,100424.15100097656
2024-10-22 04:00:00,719.2405395507812,2,1,1,0,10,10,93760.58715820312,100952.99255371094,1,0,10,93299.6875,100492.09289550781
2024-10-23 04:00:00,706.9790649414062,2,1,1,0,10,10,93760.58715820312,100830.37780761719,1,0,10,93299.6875,100369.47814941406
2024-10-24 04:00:00,709.1640014648438,2,1,1,0,10,10,93760.58715820312,100852.22717285156,1,0,10,93299.6875,100391.32751464844
2024-10-25 04:00:00,710.0519409179688,1,-1,0,-1,10,0,100861.10656738281,100861.10656738281,1,0,10,93299.6875,100400.20690917969
2024-10-28 04:00:00,707.009033203125,1,-1,0,0,10,0,100861.10656738281,100861.10656738281,1,0,10,93299.6875,100369.77783203125
2024-10-29 04:00:00,715.1400146484375,1,-1,0,0,10,0,100861.10656738281,100861.10656738281,1,0,10,93299.6875,100451.08764648438
2024-10-30 04:00:00,683.8300170898438,2,1,1,1,10,10,94022.80639648438,100861.10656738281,1,0,10,93299.6875,100137.98767089844
2024-10-31 04:00:00,672.5499877929688,2,1,1,0,10,10,94022.80639648438,100748.30627441406,1,0,10,93299.6875,100025.18737792969
2024-11-01 04:00:00,674.72998046875,2,1,1,0,10,10,94022.80639648438,100770.10620117188,1,0,10,93299.6875,100046.9873046875
2024-11-04 05:00:00,671.1599731445312,2,1,1,0,10,10,94022.80639648438,100734.40612792969,1,0,10,93299.6875,100011.28723144531
2024-11-05 05:00:00,676.4600219726562,2,1,1,0,10,10,94022.80639648438,100787.40661621094,1,0,10,93299.6875,100064.28771972656
2024-11-06 05:00:00,661.4299926757812,2,1,1,0,10,10,94022.80639648438,100637.10632324219,1,0,10,93299.6875,99913.98742675781
2024-11-07 05:00:00,677.2100219726562,2,1,1,0,10,10,94022.80639648438,100794.90661621094,1,0,10,93299.6875,100071.78771972656
2024-11-08 05:00:00,669.469970703125,2,1,1,0,10,10,94022.80639648438,100717.50610351562,1,0,10,93299.6875,99994.38720703125
2024-11-11 05:00:00,671.3099975585938,2,1,1,0,10,10,94022.80639648438,100735.90637207031,1,0,10,93299.6875,100012.78747558594
2024-11-12 05:00:00,669.1799926757812,2,1,1,0,10,10,94022.80639648438,100714.60632324219,1,0,10,93299.6875,99991.48742675781
